TCGA_ID,TMB_Value,TMB10,TMB20
TCGA-A6-3808,4.18421,0,0
TCGA-A6-3809,29,1,1
TCGA-A6-5661,29.7895,1,1
TCGA-A6-5667,1.44737,0,0
